person_id,best_name,dob,doc_count,resolution_confidence,review_status,exposed_ssn,exposed_dob,exposed_dl_number,exposed_passport_number,exposed_financial_account,exposed_card_number,exposed_medical,exposed_login_credentials,exposed_home_address,exposed_phone,exposed_email,evidence_ssn,evidence_dob,evidence_dl_number,evidence_passport_number,evidence_financial_account,evidence_card_number,evidence_medical,evidence_login_credentials,evidence_home_address,evidence_phone,evidence_email
RES_0001,Danielle Johnson,,2,0.6,needs_review,1,0,0,0,0,0,0,1,1,1,0,DOC_0002,,,,,,,DOC_0002;DOC_0003,DOC_0002;DOC_0003,DOC_0003,
RES_0002,Jason Hahn,1950-12-01,5,0.6,needs_review,1,1,0,0,0,1,0,1,1,1,1,DOC_0285;DOC_0365,DOC_0365;DOC_0377;DOC_0401,,,,DOC_0365;DOC_0377,,DOC_0004;DOC_0285,DOC_0285;DOC_0365,DOC_0004;DOC_0365;DOC_0377;DOC_0401,DOC_0365;DOC_0377;DOC_0401
RES_0003,"Rodney Lewis
We",1977-04-08,4,0.9,auto_accepted,1,1,1,0,0,1,1,0,1,1,1,DOC_0006;DOC_0365;DOC_0372;DOC_0374,DOC_0365;DOC_0372;DOC_0374,DOC_0006,,,DOC_0365;DOC_0372;DOC_0374,DOC_0372;DOC_0374,,DOC_0365,DOC_0365,DOC_0365
RES_0004,"Elizabeth Spencer
We",2003-12-16,3,0.9,auto_accepted,1,1,1,0,0,1,0,0,1,1,1,DOC_0008;DOC_0365,DOC_0365;DOC_0450,DOC_0008,,,DOC_0365,,,DOC_0365,DOC_0365;DOC_0450,DOC_0365;DOC_0450
RES_0005,Samantha Hooper,1976-12-01,6,0.9,auto_accepted,1,1,0,0,0,1,1,1,1,1,1,DOC_0355;DOC_0367;DOC_0374;DOC_0375,DOC_0015;DOC_0355;DOC_0367;DOC_0374;DOC_0375,,,,DOC_0367;DOC_0374;DOC_0375,DOC_0355;DOC_0374;DOC_0375,DOC_0014,DOC_0367,DOC_0014;DOC_0015;DOC_0355;DOC_0367,DOC_0015;DOC_0367
RES_0006,Ryan Gross,2006-04-01,4,0.6,needs_review,1,1,0,0,0,1,1,1,1,1,1,DOC_0365;DOC_0376;DOC_0437,DOC_0365;DOC_0376;DOC_0437,,,,DOC_0365;DOC_0376,DOC_0376,DOC_0017,DOC_0017;DOC_0365,DOC_0017;DOC_0365,DOC_0365;DOC_0437
RES_0007,Angela Terry,1949-03-08,2,0.9,auto_accepted,1,1,0,0,0,1,0,0,1,1,1,DOC_0365,DOC_0018;DOC_0365,,,,DOC_0365,,,DOC_0018;DOC_0365,DOC_0018;DOC_0365,DOC_0018;DOC_0365
RES_0008,Sarah R.,1996-05-23,1,0.9,auto_accepted,0,1,0,0,0,0,0,0,1,1,1,,DOC_0021,,,,,,,DOC_0021,DOC_0021,DOC_0021
RES_0009,Sarah Romero,1996-05-23,2,0.9,auto_accepted,1,1,0,0,0,1,0,1,1,1,1,DOC_0023;DOC_0365,DOC_0365,,,,DOC_0365,,DOC_0023,DOC_0023;DOC_0365,DOC_0365,DOC_0365
RES_0010,Jesse Little,,2,0.6,needs_review,1,0,0,0,0,0,0,1,1,1,0,DOC_0024,,,,,,,DOC_0024;DOC_0025,DOC_0024;DOC_0025,DOC_0025,
RES_0011,"Emily Chambers
We",1980-05-06,4,0.9,auto_accepted,1,1,1,0,0,1,0,1,1,1,1,DOC_0026;DOC_0027;DOC_0365,DOC_0365;DOC_0387,DOC_0027,,,DOC_0365;DOC_0387,,DOC_0026,DOC_0026;DOC_0027;DOC_0365,DOC_0365;DOC_0387,DOC_0365;DOC_0387
RES_0012,Brian Harmon,1976-05-15,3,0.9,auto_accepted,1,1,0,0,0,1,1,1,1,1,1,DOC_0311;DOC_0368,DOC_0311;DOC_0368,,,,DOC_0368,DOC_0311,DOC_0029,DOC_0368,DOC_0029;DOC_0311;DOC_0368,DOC_0368
RES_0013,Caroline Bell,1979-11-23,6,0.9,auto_accepted,1,1,0,0,0,1,1,0,1,1,1,DOC_0340;DOC_0368;DOC_0374;DOC_0376;DOC_0438,DOC_0031;DOC_0340;DOC_0368;DOC_0374;DOC_0376;DOC_0438,,,,DOC_0368;DOC_0374;DOC_0376,DOC_0340;DOC_0374;DOC_0376,,DOC_0368,DOC_0031;DOC_0340;DOC_0368,DOC_0031;DOC_0368;DOC_0438
RES_0014,Tyler Jordan,,1,0.9,auto_accepted,1,0,0,0,0,0,0,1,1,0,0,DOC_0032,,,,,,,DOC_0032,DOC_0032,,
RES_0015,Steven Spencer,1994-06-10,4,0.6,needs_review,1,1,0,0,0,1,1,1,1,1,1,DOC_0365;DOC_0368;DOC_0372,DOC_0365;DOC_0368;DOC_0372,,,,DOC_0365;DOC_0368;DOC_0372,DOC_0372,DOC_0034,DOC_0365;DOC_0368,DOC_0034;DOC_0365;DOC_0368,DOC_0365;DOC_0368
RES_0016,Robert Rhodes,1956-09-30,2,0.9,auto_accepted,1,1,0,0,0,1,0,1,1,1,1,DOC_0036;DOC_0365,DOC_0365,,,,DOC_0365,,DOC_0036,DOC_0365,DOC_0365,DOC_0365
RES_0017,"Garrett Wallace
Date",1971-01-01,2,0.9,auto_accepted,1,1,1,0,0,0,1,0,1,1,0,DOC_0040;DOC_0354,DOC_0354,DOC_0040,,,,DOC_0354,,DOC_0040;DOC_0354,DOC_0354,
RES_0018,Teresa Day,1971-03-13,2,0.6,needs_review,0,1,0,0,0,1,0,1,1,1,1,,DOC_0419,,,,DOC_0419,,DOC_0041,DOC_0041,DOC_0041;DOC_0419,DOC_0419
RES_0019,Lisa Peck,1989-08-19,3,0.6,needs_review,1,1,0,0,0,1,0,1,1,1,1,DOC_0370,DOC_0370;DOC_0417,,,,DOC_0370;DOC_0417,,DOC_0044,DOC_0370,DOC_0044;DOC_0370;DOC_0417,DOC_0370;DOC_0417
RES_0020,Brandy Robles,1989-12-01,4,0.6,needs_review,1,1,0,0,0,1,1,1,1,1,1,DOC_0365;DOC_0373;DOC_0422,DOC_0365;DOC_0373;DOC_0422,,,,DOC_0365;DOC_0373,DOC_0373,DOC_0046,DOC_0365,DOC_0046;DOC_0365,DOC_0365;DOC_0422
RES_0021,Anna Nelson,1948-01-09,3,0.6,needs_review,1,1,0,0,0,1,0,1,1,1,1,DOC_0365;DOC_0444,DOC_0365;DOC_0444,,,,DOC_0365,,DOC_0047,DOC_0365,DOC_0047;DOC_0365;DOC_0444,DOC_0365;DOC_0444
RES_0022,Thomas Atkinson,1961-01-17,3,0.9,auto_accepted,1,1,0,0,0,1,1,0,1,1,1,DOC_0374;DOC_0375,DOC_0053;DOC_0374;DOC_0375,,,,DOC_0374;DOC_0375,DOC_0374;DOC_0375,,DOC_0053,DOC_0053,DOC_0053
RES_0023,Jessica Bell,1950-02-11,4,0.6,needs_review,1,1,0,0,0,1,1,1,1,1,1,DOC_0365;DOC_0366;DOC_0373,DOC_0365;DOC_0366;DOC_0373,,,,DOC_0365;DOC_0366;DOC_0373,DOC_0373,DOC_0056,DOC_0056;DOC_0365;DOC_0366,DOC_0056;DOC_0365;DOC_0366,DOC_0365;DOC_0366
RES_0024,Brenda Goodwin,,1,0.9,auto_accepted,0,0,0,0,0,0,0,1,1,1,0,,,,,,,,DOC_0057,DOC_0057,DOC_0057,
RES_0025,Joshua Sheppard,1993-10-26,1,0.9,auto_accepted,0,1,0,0,0,0,0,0,1,1,1,,DOC_0060,,,,,,,DOC_0060,DOC_0060,DOC_0060
RES_0026,Michael Ellis,1952-04-30,3,0.9,auto_accepted,1,1,0,0,0,1,1,1,1,1,1,DOC_0341;DOC_0369,DOC_0341;DOC_0369,,,,DOC_0369,DOC_0341,DOC_0063,DOC_0369,DOC_0063;DOC_0341;DOC_0369,DOC_0369
RES_0027,"Scott Mcknight
We",1993-05-04,2,0.9,auto_accepted,1,1,1,0,0,0,1,0,1,1,0,DOC_0065;DOC_0346,DOC_0346,DOC_0065,,,,DOC_0346,,DOC_0065;DOC_0346,DOC_0346,
RES_0028,Erik Cantu,1959-03-25,3,0.9,auto_accepted,1,1,0,0,0,1,0,1,1,1,1,DOC_0066;DOC_0365,DOC_0365;DOC_0460,,,,DOC_0365,,DOC_0066,DOC_0365;DOC_0460,DOC_0365;DOC_0460,DOC_0365;DOC_0460
RES_0029,"John Little
We",1945-06-04,4,0.9,auto_accepted,1,1,1,0,0,1,0,0,1,1,1,DOC_0068;DOC_0365;DOC_0369,DOC_0365;DOC_0369;DOC_0451,DOC_0068,,,DOC_0365;DOC_0369;DOC_0451,,,DOC_0365;DOC_0369,DOC_0365;DOC_0369;DOC_0451,DOC_0365;DOC_0369;DOC_0451
RES_0030,Corutney Crawford,1975-05-01,5,0.9,auto_accepted,1,1,0,0,0,1,1,1,0,1,1,DOC_0308;DOC_0375;DOC_0376,DOC_0308;DOC_0375;DOC_0376,,,,DOC_0375;DOC_0376,DOC_0308;DOC_0375;DOC_0376,DOC_0069,,DOC_0069;DOC_0308;DOC_0446,DOC_0446
RES_0031,Susan Kaufman,1950-04-12,4,0.9,auto_accepted,1,1,0,0,0,1,1,0,1,1,1,DOC_0365;DOC_0370;DOC_0375,DOC_0073;DOC_0365;DOC_0370;DOC_0375,,,,DOC_0365;DOC_0370;DOC_0375,DOC_0375,,DOC_0073;DOC_0365;DOC_0370,DOC_0073;DOC_0365;DOC_0370,DOC_0073;DOC_0365;DOC_0370
RES_0032,Wendy Gonzalez,,1,0.9,auto_accepted,1,0,0,0,0,0,0,1,1,0,0,DOC_0074,,,,,,,DOC_0074,DOC_0074,,
RES_0033,Kristin Le,1943-11-14,5,0.6,needs_review,1,1,0,0,0,1,1,1,1,1,1,DOC_0368;DOC_0374;DOC_0375,DOC_0368;DOC_0374;DOC_0375;DOC_0398,,,,DOC_0368;DOC_0374;DOC_0375,DOC_0374;DOC_0375,DOC_0077,DOC_0368,DOC_0077;DOC_0368;DOC_0398,DOC_0368;DOC_0398
RES_0034,Mike Griffin,1958-07-02,3,0.6,needs_review,1,1,0,0,0,1,0,1,1,1,1,DOC_0365;DOC_0368,DOC_0365;DOC_0368,,,,DOC_0365;DOC_0368,,DOC_0078,DOC_0365;DOC_0368,DOC_0078;DOC_0365;DOC_0368,DOC_0365;DOC_0368
RES_0035,Melissa Chan,,1,0.9,auto_accepted,1,0,0,0,0,0,0,1,0,0,0,DOC_0081,,,,,,,DOC_0081,,,
RES_0036,Jeffrey Walker,1999-11-08,5,0.6,needs_review,1,1,0,0,0,1,1,1,0,1,1,DOC_0084;DOC_0373;DOC_0375,DOC_0083;DOC_0373;DOC_0375,,,,DOC_0373;DOC_0375,DOC_0373;DOC_0375,DOC_0084,,DOC_0083;DOC_0399,DOC_0083;DOC_0399
RES_0037,Cody Chang,1943-09-19,3,0.6,needs_review,1,1,0,0,0,1,1,1,1,1,1,DOC_0365;DOC_0374,DOC_0365;DOC_0374,,,,DOC_0365;DOC_0374,DOC_0374,DOC_0088,DOC_0088;DOC_0365,DOC_0088;DOC_0365,DOC_0365
RES_0038,"David Jimenez
We",,2,0.6,needs_review,1,0,1,0,0,0,0,1,1,1,0,DOC_0091,,DOC_0091,,,,,DOC_0089,DOC_0089;DOC_0091,DOC_0089,
RES_0039,Stacy Jackson,2005-08-16,3,0.9,auto_accepted,1,1,0,0,0,1,1,0,1,1,1,DOC_0365;DOC_0375,DOC_0095;DOC_0365;DOC_0375,,,,DOC_0365;DOC_0375,DOC_0375,,DOC_0365,DOC_0095;DOC_0365,DOC_0095;DOC_0365
RES_0040,Eugene W.,1997-05-11,1,0.9,auto_accepted,0,1,0,0,0,0,0,0,0,1,1,,DOC_0096,,,,,,,,DOC_0096,DOC_0096
RES_0041,"Brittany Holland
Date",1968-07-15,5,0.9,auto_accepted,1,1,0,0,0,1,1,1,1,1,1,DOC_0353;DOC_0365;DOC_0374,DOC_0101;DOC_0353;DOC_0365;DOC_0374,,,,DOC_0365;DOC_0374,DOC_0353;DOC_0374,DOC_0100,DOC_0100;DOC_0101;DOC_0353;DOC_0365,DOC_0100;DOC_0101;DOC_0353;DOC_0365,DOC_0101;DOC_0365
RES_0042,Ricky Lopez,1988-10-26,4,0.9,auto_accepted,1,1,0,0,0,1,1,1,1,1,1,DOC_0103;DOC_0337;DOC_0365,DOC_0337;DOC_0365;DOC_0439,,,,DOC_0365;DOC_0439,DOC_0337,DOC_0103,DOC_0365,DOC_0337;DOC_0365;DOC_0439,DOC_0365;DOC_0439
RES_0043,"Kristen Dixon
We",1988-02-03,6,0.6,needs_review,1,1,1,0,0,1,1,1,1,1,1,DOC_0104;DOC_0345;DOC_0365;DOC_0368,DOC_0345;DOC_0365;DOC_0368;DOC_0473,DOC_0104,,,DOC_0290;DOC_0365;DOC_0368;DOC_0473,DOC_0345,DOC_0290,DOC_0365;DOC_0368,DOC_0290;DOC_0345;DOC_0365;DOC_0368;DOC_0473,DOC_0365;DOC_0368;DOC_0473
RES_0044,Ian Reese,2003-11-08,3,0.9,auto_accepted,1,1,0,0,0,1,0,0,1,1,1,DOC_0367;DOC_0388,DOC_0106;DOC_0367;DOC_0388,,,,DOC_0367,,,DOC_0106;DOC_0367,DOC_0106;DOC_0367;DOC_0388,DOC_0106;DOC_0367;DOC_0388
RES_0045,Lauren Rodgers,,1,0.9,auto_accepted,1,0,0,0,0,0,0,1,0,0,0,DOC_0108,,,,,,,DOC_0108,,,
RES_0046,Meilssa White,1960-04-15,5,0.6,needs_review,1,1,0,0,0,1,1,1,1,1,1,DOC_0112;DOC_0304;DOC_0370,DOC_0304;DOC_0370,,,,DOC_0370,DOC_0304,DOC_0112;DOC_0113,DOC_0370,DOC_0113;DOC_0304;DOC_0370;DOC_0445,DOC_0370;DOC_0445
RES_0047,Justin Ortiz,1962-06-30,3,0.6,needs_review,1,1,0,0,0,1,0,1,1,1,1,DOC_0365;DOC_0368,DOC_0365;DOC_0368,,,,DOC_0365;DOC_0368,,DOC_0115,DOC_0365;DOC_0368,DOC_0115;DOC_0365;DOC_0368,DOC_0365;DOC_0368
RES_0048,Anna Lewis,1992-08-30,3,0.6,needs_review,1,1,0,0,0,1,0,1,1,1,1,DOC_0367;DOC_0370,DOC_0367;DOC_0370,,,,DOC_0367;DOC_0370,,DOC_0116,DOC_0367;DOC_0370,DOC_0116;DOC_0367;DOC_0370,DOC_0367;DOC_0370
RES_0049,"Kristie Hernandez
Date",1963-06-16,5,0.9,auto_accepted,1,1,1,0,0,0,1,1,1,1,1,DOC_0117;DOC_0119;DOC_0321;DOC_0517,DOC_0321,DOC_0117,,,,DOC_0321,DOC_0119;DOC_0517,DOC_0117;DOC_0119;DOC_0321;DOC_0395;DOC_0517,DOC_0321;DOC_0395,DOC_0395
RES_0050,Angela Fry,1948-08-24,2,0.6,needs_review,1,1,0,0,0,1,1,1,1,1,0,DOC_0371,DOC_0371,,,,DOC_0371,DOC_0371,DOC_0121,DOC_0121,DOC_0121,
RES_0051,Kevin Carey,1971-12-20,3,0.9,auto_accepted,1,1,0,0,0,1,1,1,1,1,1,DOC_0328;DOC_0365,DOC_0328;DOC_0365,,,,DOC_0365,DOC_0328,DOC_0123,DOC_0365,DOC_0123;DOC_0328;DOC_0365,DOC_0365
RES_0052,"Eddie Delgado
We",1943-02-04,3,0.9,auto_accepted,1,1,1,0,0,1,0,1,1,1,1,DOC_0124;DOC_0125;DOC_0365,DOC_0365,DOC_0124,,,DOC_0365,,DOC_0125,DOC_0365,DOC_0365,DOC_0365
RES_0053,Linda Lewis,1984-02-28,6,0.9,auto_accepted,1,1,0,0,0,1,1,1,1,1,1,DOC_0318;DOC_0369;DOC_0375;DOC_0376;DOC_0515,DOC_0318;DOC_0369;DOC_0375;DOC_0376,,,,DOC_0369;DOC_0375;DOC_0376,DOC_0318;DOC_0375;DOC_0376,DOC_0128;DOC_0515,DOC_0369,DOC_0128;DOC_0318;DOC_0369,DOC_0369
RES_0054,Stacey Thomas,,1,0.9,auto_accepted,1,0,0,0,0,0,0,1,0,0,0,DOC_0130,,,,,,,DOC_0130,,,
RES_0055,Alexandra Bishop,1957-04-09,2,0.6,needs_review,1,1,0,0,0,1,0,1,1,1,1,DOC_0368,DOC_0368,,,,DOC_0368,,DOC_0133,DOC_0133;DOC_0368,DOC_0133;DOC_0368,DOC_0368
RES_0056,"Paul Ferrell
We",,1,0.9,auto_accepted,1,0,1,0,0,0,0,0,1,0,0,DOC_0136,,DOC_0136,,,,,,DOC_0136,,
RES_0057,"Laura Schneider
We",1974-07-29,5,0.6,needs_review,1,1,1,0,0,1,1,1,1,1,1,DOC_0138;DOC_0325;DOC_0368;DOC_0373,DOC_0325;DOC_0368;DOC_0373,DOC_0138,,,DOC_0368;DOC_0373,DOC_0325;DOC_0373,DOC_0137,DOC_0368,DOC_0137;DOC_0325;DOC_0368,DOC_0368
RES_0058,"Kenneth Mullins
We",1988-01-24,3,0.9,auto_accepted,1,1,1,0,0,1,1,0,1,1,1,DOC_0141;DOC_0366;DOC_0374,DOC_0366;DOC_0374,DOC_0141,,,DOC_0366;DOC_0374,DOC_0374,,DOC_0366,DOC_0366,DOC_0366
RES_0059,Richard Randall,1970-12-03,3,0.6,needs_review,1,1,0,0,0,1,0,1,1,1,1,DOC_0365,DOC_0365;DOC_0400,,,,DOC_0365;DOC_0400,,DOC_0145,DOC_0145;DOC_0365,DOC_0145;DOC_0365;DOC_0400,DOC_0365;DOC_0400
RES_0060,"Harry Collins
We",,1,0.9,auto_accepted,1,0,1,0,0,0,0,0,1,0,0,DOC_0146,,DOC_0146,,,,,,DOC_0146,,
RES_0061,Harry Knox,1984-06-10,3,0.9,auto_accepted,1,1,0,0,0,1,1,1,1,1,1,DOC_0147;DOC_0365;DOC_0373,DOC_0365;DOC_0373,,,,DOC_0365;DOC_0373,DOC_0373,DOC_0147,DOC_0147;DOC_0365,DOC_0365,DOC_0365
RES_0062,Michael Montoya,2001-02-05,6,0.9,auto_accepted,1,1,0,0,0,1,1,0,1,1,1,DOC_0303;DOC_0365;DOC_0368;DOC_0370;DOC_0376,DOC_0148;DOC_0303;DOC_0365;DOC_0368;DOC_0370;DOC_0376,,,,DOC_0365;DOC_0368;DOC_0370;DOC_0376,DOC_0303;DOC_0376,,DOC_0365;DOC_0368;DOC_0370,DOC_0148;DOC_0303;DOC_0365;DOC_0368;DOC_0370,DOC_0148;DOC_0365;DOC_0368;DOC_0370
RES_0063,Ebony Henry,1958-05-22,4,0.9,auto_accepted,1,1,0,0,0,1,1,1,1,1,1,DOC_0309;DOC_0365;DOC_0370,DOC_0309;DOC_0365;DOC_0370,,,,DOC_0365;DOC_0370,DOC_0309,DOC_0151,DOC_0151;DOC_0309;DOC_0365;DOC_0370,DOC_0151;DOC_0309;DOC_0365;DOC_0370,DOC_0365;DOC_0370
RES_0064,"John Hernandez
Date",1942-06-25,5,0.6,needs_review,1,1,1,0,0,1,1,1,1,1,1,DOC_0156;DOC_0302;DOC_0365;DOC_0369,DOC_0302;DOC_0365;DOC_0369,DOC_0156,,,DOC_0365;DOC_0369,DOC_0302,DOC_0154,DOC_0365;DOC_0369,DOC_0154;DOC_0302;DOC_0365;DOC_0369,DOC_0365;DOC_0369
RES_0065,Paul Fowler,1988-03-28,4,0.6,needs_review,1,1,0,0,0,1,1,1,1,1,1,DOC_0365;DOC_0373,DOC_0365;DOC_0373;DOC_0462,,,,DOC_0365;DOC_0373,DOC_0373,DOC_0157,DOC_0157;DOC_0365;DOC_0462,DOC_0157;DOC_0365;DOC_0462,DOC_0365;DOC_0462
RES_0066,George Bradley,1941-07-22,3,0.6,needs_review,1,1,0,0,0,1,0,1,1,1,1,DOC_0366;DOC_0466,DOC_0366;DOC_0466,,,,DOC_0366,,DOC_0159,DOC_0159;DOC_0366,DOC_0159;DOC_0366;DOC_0466,DOC_0366;DOC_0466
RES_0067,Raymond Thompson,2006-03-21,5,0.9,auto_accepted,1,1,0,0,0,1,1,1,1,1,1,DOC_0162;DOC_0368;DOC_0369;DOC_0374;DOC_0376,DOC_0368;DOC_0369;DOC_0374;DOC_0376,,,,DOC_0368;DOC_0369;DOC_0374;DOC_0376,DOC_0374;DOC_0376,DOC_0162,DOC_0368;DOC_0369,DOC_0368;DOC_0369,DOC_0368;DOC_0369
RES_0068,Christopher Mcdowell,1960-11-01,3,0.6,needs_review,1,1,0,0,0,1,1,1,1,1,1,DOC_0365;DOC_0371,DOC_0365;DOC_0371,,,,DOC_0365;DOC_0371,DOC_0371,DOC_0164,DOC_0365,DOC_0164;DOC_0365,DOC_0365
RES_0069,"Ricardo Palmer
We",1989-11-14,4,0.6,needs_review,1,1,1,0,0,1,1,1,1,1,1,DOC_0365;DOC_0373;DOC_0519,DOC_0365;DOC_0373,DOC_0519,,,DOC_0365;DOC_0373,DOC_0373,DOC_0166,DOC_0166;DOC_0365;DOC_0519,DOC_0166;DOC_0365,DOC_0365
RES_0070,David Dawson,,2,0.6,needs_review,1,0,0,0,0,0,0,1,1,1,0,DOC_0170,,,,,,,DOC_0169;DOC_0170,DOC_0169;DOC_0170,DOC_0169,
RES_0071,Karen Shaw,1941-11-12,5,0.6,needs_review,1,1,0,0,0,1,0,1,1,1,1,DOC_0171;DOC_0365;DOC_0370,DOC_0365;DOC_0370;DOC_0456,,,,DOC_0365;DOC_0370,,DOC_0171;DOC_0172,DOC_0171;DOC_0172;DOC_0365;DOC_0370;DOC_0456,DOC_0172;DOC_0365;DOC_0370;DOC_0456,DOC_0365;DOC_0370;DOC_0456
RES_0072,Krista Thomas,,1,0.9,auto_accepted,0,0,0,0,0,0,0,1,0,1,0,,,,,,,,DOC_0173,,DOC_0173,
RES_0073,"Lisa Terrell
We",1949-01-29,3,0.9,auto_accepted,1,1,1,0,0,1,0,0,1,1,1,DOC_0175;DOC_0367,DOC_0367;DOC_0385,DOC_0175,,,DOC_0367;DOC_0385,,,DOC_0367,DOC_0367;DOC_0385,DOC_0367;DOC_0385
RES_0074,"Lance Garrett
We",1947-03-05,6,0.9,auto_accepted,1,1,1,0,0,1,1,1,1,1,1,DOC_0176;DOC_0178;DOC_0365;DOC_0368;DOC_0371;DOC_0409,DOC_0365;DOC_0368;DOC_0371;DOC_0409,DOC_0176,,,DOC_0365;DOC_0368;DOC_0371,DOC_0371,DOC_0178,DOC_0176;DOC_0178;DOC_0365;DOC_0368,DOC_0365;DOC_0368;DOC_0409,DOC_0365;DOC_0368;DOC_0409
RES_0075,Holly Williams,2000-10-24,3,0.9,auto_accepted,1,1,0,0,0,1,1,0,0,1,1,DOC_0372;DOC_0447,DOC_0184;DOC_0372;DOC_0447,,,,DOC_0372,DOC_0372,,,DOC_0184,DOC_0184;DOC_0447
RES_0076,"Katie Mcfarland
Date",1966-01-27,5,0.9,auto_accepted,1,1,0,0,0,1,1,1,1,1,1,DOC_0188;DOC_0320;DOC_0374;DOC_0375,DOC_0320;DOC_0374;DOC_0375,,,,DOC_0374;DOC_0375,DOC_0320;DOC_0374;DOC_0375,DOC_0188,DOC_0188;DOC_0320;DOC_0411,DOC_0320;DOC_0411,DOC_0411
RES_0077,Victor Harris,1966-02-23,3,0.9,auto_accepted,1,1,0,0,0,1,1,1,1,1,1,DOC_0356;DOC_0369,DOC_0356;DOC_0369,,,,DOC_0369,DOC_0356,DOC_0190,DOC_0369,DOC_0190;DOC_0356;DOC_0369,DOC_0369
RES_0078,"Sandra Larson
Date",1950-12-27,4,0.9,auto_accepted,1,1,1,0,0,1,1,0,1,1,1,DOC_0191;DOC_0319;DOC_0365;DOC_0373,DOC_0319;DOC_0365;DOC_0373,DOC_0191,,,DOC_0365;DOC_0373,DOC_0319;DOC_0373,,DOC_0365,DOC_0319;DOC_0365,DOC_0365
RES_0079,Heather Mason,,1,0.9,auto_accepted,0,0,0,0,0,0,0,1,0,1,0,,,,,,,,DOC_0192,,DOC_0192,
RES_0080,Joy Pineda,1991-03-26,3,0.9,auto_accepted,1,1,0,0,0,1,1,0,0,1,1,DOC_0371;DOC_0376,DOC_0196;DOC_0371;DOC_0376,,,,DOC_0371;DOC_0376,DOC_0371;DOC_0376,,,DOC_0196,DOC_0196
RES_0081,Angela Mcbride,1948-12-18,6,0.6,needs_review,1,1,0,0,0,1,1,1,1,1,1,DOC_0199;DOC_0316;DOC_0368;DOC_0373;DOC_0392,DOC_0316;DOC_0368;DOC_0373;DOC_0392,,,,DOC_0368;DOC_0373,DOC_0316;DOC_0373,DOC_0199;DOC_0200,DOC_0368,DOC_0200;DOC_0316;DOC_0368;DOC_0392,DOC_0368;DOC_0392
RES_0082,Misty Perez,,2,0.6,needs_review,1,0,0,0,0,0,0,1,1,1,0,DOC_0201,,,,,,,DOC_0201;DOC_0202,DOC_0201;DOC_0202,DOC_0202,
RES_0083,John Stevenson,2005-04-03,2,0.6,needs_review,1,1,0,0,0,1,0,1,1,1,1,DOC_0205,DOC_0434,,,,DOC_0434,,DOC_0205,DOC_0205,DOC_0434,DOC_0434
RES_0084,"Dennis Fisher
Date",1963-02-13,4,0.9,auto_accepted,1,1,1,0,0,1,1,0,1,1,1,DOC_0207;DOC_0301;DOC_0372,DOC_0301;DOC_0372;DOC_0383,DOC_0207,,,DOC_0372;DOC_0383,DOC_0301;DOC_0372,,DOC_0207;DOC_0301,DOC_0301;DOC_0383,DOC_0383
RES_0085,Hunter Smith,1985-07-04,3,0.9,auto_accepted,1,1,0,0,0,0,1,1,0,1,1,DOC_0332,DOC_0332,,,,,DOC_0332,DOC_0209,,DOC_0209;DOC_0332;DOC_0402,DOC_0402
RES_0086,Jamie Smith,1979-06-27,2,0.9,auto_accepted,1,1,0,0,0,1,0,1,1,1,1,DOC_0211;DOC_0367,DOC_0367,,,,DOC_0367,,DOC_0211,DOC_0211;DOC_0367,DOC_0367,DOC_0367
RES_0087,Chad Jones,1957-04-10,3,0.9,auto_accepted,1,1,0,0,0,1,1,0,1,1,1,DOC_0365;DOC_0371,DOC_0212;DOC_0365;DOC_0371,,,,DOC_0365;DOC_0371,DOC_0371,,DOC_0212;DOC_0365,DOC_0212;DOC_0365,DOC_0212;DOC_0365
RES_0088,"Sarah Cochran
Date",1988-12-18,4,0.9,auto_accepted,1,1,1,0,0,1,1,0,1,1,1,DOC_0215;DOC_0349;DOC_0365;DOC_0376,DOC_0349;DOC_0365;DOC_0376,DOC_0215,,,DOC_0365;DOC_0376,DOC_0349;DOC_0376,,DOC_0215;DOC_0349;DOC_0365,DOC_0349;DOC_0365,DOC_0365
RES_0089,Evelyn Hunter,1958-06-20,4,0.6,needs_review,1,1,0,0,0,1,0,1,1,1,1,DOC_0219;DOC_0365;DOC_0367,DOC_0220;DOC_0365;DOC_0367,,,,DOC_0365;DOC_0367,,DOC_0219,DOC_0219;DOC_0220;DOC_0365;DOC_0367,DOC_0220;DOC_0365;DOC_0367,DOC_0220;DOC_0365;DOC_0367
RES_0090,"Heather Price
Date",1941-04-09,3,0.6,needs_review,1,1,1,0,0,0,1,1,0,1,0,DOC_0221;DOC_0333,DOC_0333,DOC_0221,,,,DOC_0333,DOC_0222,,DOC_0222;DOC_0333,
RES_0091,Linda Contreras,1998-07-06,4,0.9,auto_accepted,1,1,0,0,0,1,1,1,1,1,1,DOC_0373,DOC_0224;DOC_0373,,,,DOC_0373,DOC_0373,DOC_0223,DOC_0223;DOC_0224;DOC_0414,DOC_0223;DOC_0224;DOC_0414,DOC_0224;DOC_0414
RES_0092,Joshua Donovan,1983-04-06,4,0.9,auto_accepted,1,1,0,0,0,1,1,1,1,1,1,DOC_0329;DOC_0368;DOC_0376,DOC_0329;DOC_0368;DOC_0376,,,,DOC_0368;DOC_0376,DOC_0329;DOC_0376,DOC_0225,DOC_0368,DOC_0225;DOC_0329;DOC_0368,DOC_0368
RES_0093,Curtis Mcguire,1980-07-20,2,0.9,auto_accepted,1,1,0,0,0,1,0,1,1,1,1,DOC_0365,DOC_0365,,,,DOC_0365,,DOC_0227,DOC_0227;DOC_0365,DOC_0227;DOC_0365,DOC_0365
RES_0094,Donna Thomas,1974-06-13,5,0.9,auto_accepted,1,1,0,0,0,1,1,0,1,1,1,DOC_0365;DOC_0373;DOC_0374;DOC_0375,DOC_0233;DOC_0365;DOC_0373;DOC_0374;DOC_0375,,,,DOC_0365;DOC_0373;DOC_0374;DOC_0375,DOC_0373;DOC_0374;DOC_0375,,DOC_0365,DOC_0233;DOC_0365,DOC_0233;DOC_0365
RES_0095,Gwendolyn Wilson,1940-08-07,7,0.6,needs_review,1,1,0,0,0,1,1,1,1,1,1,DOC_0237;DOC_0365;DOC_0368;DOC_0369;DOC_0371;DOC_0375,DOC_0236;DOC_0365;DOC_0368;DOC_0369;DOC_0371;DOC_0375,,,,DOC_0365;DOC_0368;DOC_0369;DOC_0371;DOC_0375,DOC_0371;DOC_0375,DOC_0237,DOC_0236;DOC_0237;DOC_0365;DOC_0368;DOC_0369,DOC_0236;DOC_0365;DOC_0368;DOC_0369,DOC_0236;DOC_0365;DOC_0368;DOC_0369
RES_0096,Nicholas Ruiz,1985-05-28,2,0.6,needs_review,1,1,0,0,0,1,1,1,1,1,0,DOC_0376,DOC_0376,,,,DOC_0376,DOC_0376,DOC_0240,DOC_0240,DOC_0240,
RES_0097,Cathy Gray,1987-01-30,4,0.9,auto_accepted,1,1,0,0,0,1,1,1,1,1,1,DOC_0242;DOC_0365;DOC_0373;DOC_0465,DOC_0365;DOC_0373;DOC_0465,,,,DOC_0365;DOC_0373,DOC_0373,DOC_0242,DOC_0365,DOC_0365;DOC_0465,DOC_0365;DOC_0465
RES_0098,Joe Alexander,1992-07-24,3,0.6,needs_review,1,1,0,0,0,1,1,1,1,1,1,DOC_0365;DOC_0375,DOC_0365;DOC_0375,,,,DOC_0365;DOC_0375,DOC_0375,DOC_0245,DOC_0365,DOC_0245;DOC_0365,DOC_0365
RES_0099,"Ashley Morris
We",1958-08-01,5,0.6,needs_review,1,1,1,0,0,1,1,1,1,1,1,DOC_0248;DOC_0365;DOC_0370;DOC_0371,DOC_0365;DOC_0370;DOC_0371,DOC_0248,,,DOC_0365;DOC_0370;DOC_0371,DOC_0371,DOC_0247,DOC_0365;DOC_0370,DOC_0247;DOC_0365;DOC_0370,DOC_0365;DOC_0370
RES_0100,Sarah Buck,1942-05-02,2,0.6,needs_review,1,1,0,0,0,1,0,1,1,1,1,DOC_0365,DOC_0365,,,,DOC_0365,,DOC_0249,DOC_0249;DOC_0365,DOC_0249;DOC_0365,DOC_0365
RES_0101,Rebecca Gomez,,1,0.9,auto_accepted,0,0,0,0,0,0,0,1,0,1,0,,,,,,,,DOC_0251,,DOC_0251,
RES_0102,Lacey Williams,1959-11-06,3,0.9,auto_accepted,1,1,0,0,0,1,0,1,1,1,1,DOC_0255;DOC_0365;DOC_0368,DOC_0365;DOC_0368,,,,DOC_0365;DOC_0368,,DOC_0255,DOC_0255;DOC_0365;DOC_0368,DOC_0365;DOC_0368,DOC_0365;DOC_0368
RES_0103,"Benjamin Barker
We",1981-04-23,3,0.9,auto_accepted,1,1,1,0,0,1,1,0,1,1,1,DOC_0256;DOC_0365;DOC_0372,DOC_0365;DOC_0372,DOC_0256,,,DOC_0365;DOC_0372,DOC_0372,,DOC_0256;DOC_0365,DOC_0365,DOC_0365
RES_0104,Anita Cuevas,2004-06-23,4,0.6,needs_review,1,1,0,0,0,1,1,1,1,1,1,DOC_0365;DOC_0374;DOC_0375,DOC_0365;DOC_0374;DOC_0375,,,,DOC_0365;DOC_0374;DOC_0375,DOC_0374;DOC_0375,DOC_0259,DOC_0365,DOC_0259;DOC_0365,DOC_0365
RES_0105,Mary Miller,2003-11-09,3,0.6,needs_review,1,1,0,0,0,1,1,1,1,1,1,DOC_0365;DOC_0372,DOC_0365;DOC_0372,,,,DOC_0365;DOC_0372,DOC_0372,DOC_0261,DOC_0261;DOC_0365,DOC_0261;DOC_0365,DOC_0365
RES_0106,Charlotte Tate,1965-09-12,3,0.6,needs_review,1,1,0,0,0,1,1,1,1,1,1,DOC_0370;DOC_0376,DOC_0370;DOC_0376,,,,DOC_0370;DOC_0376,DOC_0376,DOC_0263,DOC_0370,DOC_0263;DOC_0370,DOC_0370
RES_0107,Robert A.,1958-10-03,1,0.9,auto_accepted,0,1,0,0,0,0,0,0,0,1,1,,DOC_0266,,,,,,,,DOC_0266,DOC_0266
RES_0108,Karen Barnes,1981-05-06,3,0.9,auto_accepted,1,1,0,0,0,1,1,1,1,1,1,DOC_0268;DOC_0352;DOC_0365,DOC_0352;DOC_0365,,,,DOC_0365,DOC_0352,DOC_0268,DOC_0365,DOC_0352;DOC_0365,DOC_0365
RES_0109,Antonio Rhodes,1999-07-23,3,0.6,needs_review,1,1,0,0,0,1,1,1,0,1,1,DOC_0372,DOC_0372,,,,DOC_0372,DOC_0372,DOC_0271,,DOC_0271;DOC_0424,DOC_0424
RES_0110,Melissa Aguilar,1950-09-07,2,0.9,auto_accepted,0,1,0,0,0,0,0,1,0,1,1,,DOC_0272,,,,,,DOC_0273,,DOC_0272;DOC_0273,DOC_0272
RES_0111,Jeremy Willis,1980-02-15,7,0.6,needs_review,1,1,0,0,0,1,1,1,1,1,1,DOC_0374;DOC_0375,DOC_0276;DOC_0374;DOC_0375;DOC_0471,,,,DOC_0374;DOC_0375,DOC_0374;DOC_0375,DOC_0275;DOC_0289,DOC_0275;DOC_0276,DOC_0275;DOC_0276;DOC_0289;DOC_0471;DOC_0472,DOC_0276;DOC_0471;DOC_0472
RES_0112,John Armstrong,1992-06-19,6,0.6,needs_review,1,1,0,0,0,1,1,1,1,1,1,DOC_0281;DOC_0365;DOC_0367;DOC_0369;DOC_0376,DOC_0365;DOC_0367;DOC_0369;DOC_0376,,,,DOC_0365;DOC_0367;DOC_0369;DOC_0376,DOC_0376,DOC_0280;DOC_0281,DOC_0365;DOC_0367;DOC_0369,DOC_0280;DOC_0365;DOC_0367;DOC_0369,DOC_0365;DOC_0367;DOC_0369
RES_0113,Emily Nguyen,1971-09-22,3,0.9,auto_accepted,1,1,0,0,0,1,0,0,1,1,1,DOC_0365;DOC_0369,DOC_0282;DOC_0365;DOC_0369,,,,DOC_0365;DOC_0369,,,DOC_0365;DOC_0369,DOC_0282;DOC_0365;DOC_0369,DOC_0282;DOC_0365;DOC_0369
RES_0114,Stephanie Hill,1984-08-13,3,0.6,needs_review,1,1,0,0,0,1,1,1,1,1,1,DOC_0371;DOC_0415,DOC_0371;DOC_0415,,,,DOC_0371,DOC_0371,DOC_0283,DOC_0283,DOC_0283,DOC_0415
RES_0115,"Kristen Dixon
We",1953-09-01,3,0.9,auto_accepted,1,1,1,0,0,1,0,0,1,1,1,DOC_0292;DOC_0365;DOC_0474,DOC_0365;DOC_0474,DOC_0292,,,DOC_0365,,,DOC_0365,DOC_0365,DOC_0365;DOC_0474
RES_0116,Desiree Hernandez,1967-04-15,4,0.6,needs_review,1,1,0,0,0,1,0,1,1,1,1,DOC_0370,DOC_0370;DOC_0457,,,,DOC_0370,,DOC_0294,DOC_0294;DOC_0370;DOC_0457;DOC_0476,DOC_0294;DOC_0370;DOC_0457;DOC_0476,DOC_0370;DOC_0457;DOC_0476
RES_0117,"Jennifer Carter
Date",1940-09-13,8,0.6,needs_review,1,1,0,0,0,1,1,1,1,1,1,DOC_0300;DOC_0313;DOC_0373,DOC_0300;DOC_0313;DOC_0373;DOC_0455;DOC_0477,,,,DOC_0373,DOC_0300;DOC_0313;DOC_0373,DOC_0295,DOC_0300;DOC_0455,DOC_0295;DOC_0300;DOC_0313;DOC_0390;DOC_0455;DOC_0477;DOC_0478,DOC_0390;DOC_0455;DOC_0477;DOC_0478
RES_0118,Lynn Hurley,1958-05-18,4,0.6,needs_review,1,1,0,0,0,0,0,1,1,1,1,DOC_0297,DOC_0481,,,,,,DOC_0297;DOC_0298,DOC_0297;DOC_0298;DOC_0481;DOC_0482,DOC_0298;DOC_0481;DOC_0482,DOC_0481;DOC_0482
RES_0119,"Jason Hahn
Date",1950-12-01,1,0.9,auto_accepted,1,1,0,0,0,0,1,0,1,1,0,DOC_0299,DOC_0299,,,,,DOC_0299,,DOC_0299,DOC_0299,
RES_0120,"Evelyn Hunter
Date",1958-06-20,1,0.9,auto_accepted,1,1,0,0,0,0,1,0,1,1,0,DOC_0305,DOC_0305,,,,,DOC_0305,,DOC_0305,DOC_0305,
RES_0121,"Brenda Goodwin
Date",1989-01-22,1,0.9,auto_accepted,1,1,0,0,0,0,1,0,1,1,0,DOC_0306,DOC_0306,,,,,DOC_0306,,DOC_0306,DOC_0306,
RES_0122,"Jasmine House
Date",1970-05-15,1,0.9,auto_accepted,1,1,0,0,0,0,1,0,1,1,0,DOC_0307,DOC_0307,,,,,DOC_0307,,DOC_0307,DOC_0307,
RES_0123,"Cody Chang
Date",1943-09-19,1,0.9,auto_accepted,1,1,0,0,0,0,1,0,1,1,0,DOC_0312,DOC_0312,,,,,DOC_0312,,DOC_0312,DOC_0312,
RES_0124,"Natalie Pittman
Date",2000-02-06,4,0.9,auto_accepted,1,1,0,0,0,1,1,0,1,1,1,DOC_0314;DOC_0368;DOC_0374;DOC_0375,DOC_0314;DOC_0368;DOC_0374;DOC_0375,,,,DOC_0368;DOC_0374;DOC_0375,DOC_0314;DOC_0374;DOC_0375,,DOC_0314;DOC_0368,DOC_0314;DOC_0368,DOC_0368
RES_0125,"Susan Kaufman
Date",1950-04-12,1,0.9,auto_accepted,1,1,0,0,0,0,1,0,1,1,0,DOC_0315,DOC_0315,,,,,DOC_0315,,DOC_0315,DOC_0315,
RES_0126,"Wendy Gonzalez
Date",1984-07-10,1,0.9,auto_accepted,1,1,0,0,0,0,1,0,1,1,0,DOC_0317,DOC_0317,,,,,DOC_0317,,DOC_0317,DOC_0317,
RES_0127,"Anna Lopez
Date",2007-10-13,1,0.9,auto_accepted,1,1,0,0,0,0,1,0,1,1,0,DOC_0322,DOC_0322,,,,,DOC_0322,,DOC_0322,DOC_0322,
RES_0128,Barbara Higgins,1966-09-15,2,0.9,auto_accepted,1,1,0,0,0,1,1,0,0,1,0,DOC_0323;DOC_0371,DOC_0323;DOC_0371,,,,DOC_0371,DOC_0323;DOC_0371,,,DOC_0323,
RES_0129,Lynn Hurley,1986-08-12,4,0.9,auto_accepted,1,1,0,0,0,1,1,0,1,1,1,DOC_0324;DOC_0365;DOC_0368;DOC_0461,DOC_0324;DOC_0365;DOC_0368;DOC_0461,,,,DOC_0365;DOC_0368,DOC_0324,,DOC_0365;DOC_0368,DOC_0324;DOC_0365;DOC_0368,DOC_0365;DOC_0368;DOC_0461
RES_0130,"Valerie Gray
Date",1967-02-19,1,0.9,auto_accepted,1,1,0,0,0,0,1,0,1,1,0,DOC_0326,DOC_0326,,,,,DOC_0326,,DOC_0326,DOC_0326,
RES_0131,"Nicole Humphrey
Date",1958-07-23,3,0.9,auto_accepted,1,1,0,0,0,1,1,0,1,1,1,DOC_0327;DOC_0365,DOC_0327;DOC_0365;DOC_0430,,,,DOC_0365;DOC_0430,DOC_0327,,DOC_0327;DOC_0365,DOC_0327;DOC_0365;DOC_0430,DOC_0365;DOC_0430
RES_0132,"Thomas Atkinson
Date",1961-01-17,1,0.9,auto_accepted,1,1,0,0,0,0,1,0,1,1,0,DOC_0330,DOC_0330,,,,,DOC_0330,,DOC_0330,DOC_0330,
RES_0133,"Harry Knox
Date",1984-06-10,1,0.9,auto_accepted,1,1,0,0,0,0,1,0,1,1,0,DOC_0331,DOC_0331,,,,,DOC_0331,,DOC_0331,DOC_0331,
RES_0134,"Lynn Hurley
Date",1958-05-18,1,0.9,auto_accepted,1,1,0,0,0,0,1,0,1,1,0,DOC_0334,DOC_0334,,,,,DOC_0334,,DOC_0334,DOC_0334,
RES_0135,"Sarah Hill
Date",1996-05-29,1,0.9,auto_accepted,1,1,0,0,0,0,1,0,0,1,0,DOC_0335,DOC_0335,,,,,DOC_0335,,,DOC_0335,
RES_0136,Kristi Phelps,1982-01-31,3,0.9,auto_accepted,1,1,0,0,0,1,1,0,1,1,1,DOC_0336;DOC_0365;DOC_0370,DOC_0336;DOC_0365;DOC_0370,,,,DOC_0365;DOC_0370,DOC_0336,,DOC_0365;DOC_0370,DOC_0336;DOC_0365;DOC_0370,DOC_0365;DOC_0370
RES_0137,"Jesse Little
Date",1969-07-23,1,0.9,auto_accepted,1,1,0,0,0,0,1,0,1,1,0,DOC_0338,DOC_0338,,,,,DOC_0338,,DOC_0338,DOC_0338,
RES_0138,Thomas Vaughan,2003-04-29,2,0.9,auto_accepted,1,1,0,0,0,1,1,0,1,1,1,DOC_0339;DOC_0366,DOC_0339;DOC_0366,,,,DOC_0366,DOC_0339,,DOC_0366,DOC_0339;DOC_0366,DOC_0366
RES_0139,"Karen Shaw
Date",1941-11-12,1,0.9,auto_accepted,1,1,0,0,0,0,1,0,1,1,0,DOC_0342,DOC_0342,,,,,DOC_0342,,DOC_0342,DOC_0342,
RES_0140,Patrick Griffin,1958-10-02,5,0.9,auto_accepted,1,1,0,0,0,1,1,0,1,1,1,DOC_0343;DOC_0365;DOC_0372;DOC_0374;DOC_0375,DOC_0343;DOC_0365;DOC_0372;DOC_0374;DOC_0375,,,,DOC_0365;DOC_0372;DOC_0374;DOC_0375,DOC_0343;DOC_0372;DOC_0374;DOC_0375,,DOC_0365,DOC_0343;DOC_0365,DOC_0365
RES_0141,"Jeremy Willis
Date",1980-02-15,1,0.9,auto_accepted,1,1,0,0,0,0,1,0,1,1,0,DOC_0344,DOC_0344,,,,,DOC_0344,,DOC_0344,DOC_0344,
RES_0142,Joshua Evans,1993-10-26,2,0.9,auto_accepted,1,1,0,0,0,0,1,0,1,1,1,DOC_0347;DOC_0448,DOC_0347;DOC_0448,,,,,DOC_0347,,DOC_0347,DOC_0347,DOC_0448
RES_0143,"Chad Jones
Date",1957-04-10,1,0.9,auto_accepted,1,1,0,0,0,0,1,0,1,1,0,DOC_0348,DOC_0348,,,,,DOC_0348,,DOC_0348,DOC_0348,
RES_0144,"Jesse Little
Date",1971-11-06,1,0.9,auto_accepted,1,1,0,0,0,0,1,0,1,1,0,DOC_0350,DOC_0350,,,,,DOC_0350,,DOC_0350,DOC_0350,
RES_0145,"Tamara Phillips
Date",1952-08-29,1,0.9,auto_accepted,1,1,0,0,0,0,1,0,1,1,0,DOC_0351,DOC_0351,,,,,DOC_0351,,DOC_0351,DOC_0351,
RES_0146,"Ricardo Palmer
Date",1989-11-14,1,0.9,auto_accepted,1,1,0,0,0,0,1,0,1,1,0,DOC_0357,DOC_0357,,,,,DOC_0357,,DOC_0357,DOC_0357,
RES_0147,"John Stevenson
Date",2005-04-03,1,0.9,auto_accepted,1,1,0,0,0,0,1,0,1,1,0,DOC_0358,DOC_0358,,,,,DOC_0358,,DOC_0358,DOC_0358,
RES_0148,"Robin Torres
Caroline",1972-05-04,1,0.9,auto_accepted,1,1,0,0,0,0,0,0,0,1,0,DOC_0359,DOC_0359,,,,,,,,DOC_0359,
RES_0149,"Cathy Gray
Ashley",1987-01-30,1,0.9,auto_accepted,1,1,0,0,0,0,0,0,0,1,0,DOC_0360,DOC_0360,,,,,,,,DOC_0360,
RES_0150,"Lisa Peck
Lauren",1989-08-19,1,0.9,auto_accepted,1,1,0,0,0,0,0,0,0,1,0,DOC_0361,DOC_0361,,,,,,,,DOC_0361,
RES_0151,"Monica Hall
Joseph",2005-01-08,1,0.9,auto_accepted,1,1,0,0,0,0,0,0,0,1,0,DOC_0362,DOC_0362,,,,,,,,DOC_0362,
RES_0152,"Anna Nelson
Tamara",1948-01-09,1,0.9,auto_accepted,1,1,0,0,0,0,0,0,0,1,0,DOC_0363,DOC_0363,,,,,,,,DOC_0363,
RES_0153,"Kristen Dixon
Robin",1953-09-01,1,0.9,auto_accepted,1,1,0,0,0,1,0,0,0,1,0,DOC_0364,DOC_0364,,,,DOC_0364,,,,DOC_0364,
RES_0154,Stacy Hull,1968-01-11,2,0.9,auto_accepted,1,1,0,0,0,1,0,0,1,1,1,DOC_0365,DOC_0365;DOC_0420,,,,DOC_0365;DOC_0420,,,DOC_0365,DOC_0365;DOC_0420,DOC_0365;DOC_0420
RES_0155,Russell Smith,1958-03-11,4,0.9,auto_accepted,1,1,0,0,0,1,1,0,1,1,1,DOC_0365;DOC_0366;DOC_0375;DOC_0442,DOC_0365;DOC_0366;DOC_0375;DOC_0442,,,,DOC_0365;DOC_0366;DOC_0375,DOC_0375,,DOC_0365;DOC_0366,DOC_0365;DOC_0366;DOC_0442,DOC_0365;DOC_0366;DOC_0442
RES_0156,Miranda Stevens,1944-01-01,1,0.9,auto_accepted,1,1,0,0,0,1,0,0,1,1,1,DOC_0365,DOC_0365,,,,DOC_0365,,,DOC_0365,DOC_0365,DOC_0365
RES_0157,Katie Dawson,1964-08-07,2,0.9,auto_accepted,1,1,0,0,0,1,1,0,1,1,1,DOC_0365;DOC_0372,DOC_0365;DOC_0372,,,,DOC_0365;DOC_0372,DOC_0372,,DOC_0365,DOC_0365,DOC_0365
RES_0158,Sergio Harris,2000-04-05,2,0.9,auto_accepted,1,1,0,0,0,1,0,0,1,1,1,DOC_0365;DOC_0427,DOC_0365;DOC_0427,,,,DOC_0365,,,DOC_0365,DOC_0365,DOC_0365;DOC_0427
RES_0159,Bryce Hughes,1972-11-18,1,0.9,auto_accepted,1,1,0,0,0,1,0,0,1,1,1,DOC_0365,DOC_0365,,,,DOC_0365,,,DOC_0365,DOC_0365,DOC_0365
RES_0160,Cody Zuniga,1972-10-09,2,0.9,auto_accepted,1,1,0,0,0,1,1,0,1,1,1,DOC_0365;DOC_0372,DOC_0365;DOC_0372,,,,DOC_0365;DOC_0372,DOC_0372,,DOC_0365,DOC_0365,DOC_0365
RES_0161,Robert Anderson,1958-10-03,2,0.9,auto_accepted,1,1,0,0,0,1,1,0,1,1,1,DOC_0365;DOC_0373,DOC_0365;DOC_0373,,,,DOC_0365;DOC_0373,DOC_0373,,DOC_0365,DOC_0365,DOC_0365
RES_0162,Sharon Torres,1956-12-04,4,0.6,needs_review,1,1,0,0,0,1,1,0,1,1,1,DOC_0365;DOC_0374,DOC_0365;DOC_0374,,,,DOC_0365;DOC_0374,DOC_0374,,DOC_0365,DOC_0365;DOC_0389;DOC_0459,DOC_0365;DOC_0389;DOC_0459
RES_0163,Morgan Carroll,1949-03-31,4,0.6,needs_review,1,1,0,0,0,1,1,0,1,1,1,DOC_0365;DOC_0372;DOC_0374,DOC_0365;DOC_0372;DOC_0374,,,,DOC_0365;DOC_0372;DOC_0374,DOC_0372;DOC_0374,,DOC_0365,DOC_0365;DOC_0464,DOC_0365;DOC_0464
RES_0164,Patrick White,1956-06-29,3,0.9,auto_accepted,1,1,0,0,0,1,1,0,1,1,1,DOC_0365;DOC_0372;DOC_0373,DOC_0365;DOC_0372;DOC_0373,,,,DOC_0365;DOC_0372;DOC_0373,DOC_0372;DOC_0373,,DOC_0365,DOC_0365,DOC_0365
RES_0165,Valerie Gray,1967-02-19,3,0.9,auto_accepted,1,1,0,0,0,1,0,0,1,1,1,DOC_0365;DOC_0367,DOC_0365;DOC_0367;DOC_0452,,,,DOC_0365;DOC_0367;DOC_0452,,,DOC_0365;DOC_0367,DOC_0365;DOC_0367;DOC_0452,DOC_0365;DOC_0367;DOC_0452
RES_0166,Diamond Ray,1970-08-24,6,0.9,auto_accepted,1,1,0,0,0,1,1,1,1,1,1,DOC_0365;DOC_0366;DOC_0370;DOC_0371;DOC_0432;DOC_0520,DOC_0365;DOC_0366;DOC_0370;DOC_0371;DOC_0432,,,,DOC_0365;DOC_0366;DOC_0370;DOC_0371,DOC_0371,DOC_0520,DOC_0365;DOC_0366;DOC_0370,DOC_0365;DOC_0366;DOC_0370;DOC_0432,DOC_0365;DOC_0366;DOC_0370;DOC_0432
RES_0167,Rachel Moyer,1977-04-21,2,0.9,auto_accepted,1,1,0,0,0,1,0,0,1,1,1,DOC_0365;DOC_0367,DOC_0365;DOC_0367,,,,DOC_0365;DOC_0367,,,DOC_0365;DOC_0367,DOC_0365;DOC_0367,DOC_0365;DOC_0367
RES_0168,Kathleen Edwards,1972-04-11,4,0.9,auto_accepted,1,1,0,0,0,1,0,0,1,1,1,DOC_0365;DOC_0368;DOC_0370,DOC_0365;DOC_0368;DOC_0370;DOC_0436,,,,DOC_0365;DOC_0368;DOC_0370,,,DOC_0365;DOC_0368;DOC_0370,DOC_0365;DOC_0368;DOC_0370;DOC_0436,DOC_0365;DOC_0368;DOC_0370;DOC_0436
RES_0169,Jeremy Willis,1999-04-25,2,0.9,auto_accepted,1,1,0,0,0,1,0,0,1,1,1,DOC_0365;DOC_0433,DOC_0365;DOC_0433,,,,DOC_0365,,,DOC_0365,DOC_0365,DOC_0365;DOC_0433
RES_0170,Sharon Torres,1953-05-25,4,0.9,auto_accepted,1,1,0,0,0,1,1,0,1,1,1,DOC_0365;DOC_0367;DOC_0372;DOC_0376,DOC_0365;DOC_0367;DOC_0372;DOC_0376,,,,DOC_0365;DOC_0367;DOC_0372;DOC_0376,DOC_0372;DOC_0376,,DOC_0365;DOC_0367,DOC_0365;DOC_0367,DOC_0365;DOC_0367
RES_0171,Anne Shelton,1962-07-11,4,0.9,auto_accepted,1,1,0,0,0,1,1,0,1,1,1,DOC_0365;DOC_0367;DOC_0373;DOC_0375,DOC_0365;DOC_0367;DOC_0373;DOC_0375,,,,DOC_0365;DOC_0367;DOC_0373;DOC_0375,DOC_0373;DOC_0375,,DOC_0365;DOC_0367,DOC_0365;DOC_0367,DOC_0365;DOC_0367
RES_0172,Jason Hahn,2000-03-10,2,0.9,auto_accepted,1,1,0,0,0,1,1,0,1,1,1,DOC_0365;DOC_0374,DOC_0365;DOC_0374,,,,DOC_0365;DOC_0374,DOC_0374,,DOC_0365,DOC_0365,DOC_0365
RES_0173,Daniel Perez,1953-02-24,3,0.9,auto_accepted,1,1,0,0,0,1,1,0,1,1,1,DOC_0365;DOC_0373;DOC_0374,DOC_0365;DOC_0373;DOC_0374,,,,DOC_0365;DOC_0373;DOC_0374,DOC_0373;DOC_0374,,DOC_0365,DOC_0365,DOC_0365
RES_0174,Joseph Marshall,2004-11-13,3,0.9,auto_accepted,1,1,0,0,0,1,0,0,1,1,1,DOC_0365;DOC_0366,DOC_0365;DOC_0366;DOC_0405,,,,DOC_0365;DOC_0366,,,DOC_0365;DOC_0366;DOC_0405,DOC_0365;DOC_0366;DOC_0405,DOC_0365;DOC_0366;DOC_0405
RES_0175,Joshua Jones,1993-03-08,3,0.9,auto_accepted,1,1,0,0,0,1,0,0,1,1,1,DOC_0365;DOC_0368;DOC_0386,DOC_0365;DOC_0368;DOC_0386,,,,DOC_0365;DOC_0368,,,DOC_0365;DOC_0368,DOC_0365;DOC_0368,DOC_0365;DOC_0368;DOC_0386
RES_0176,Monica Hall,2005-01-08,5,0.9,auto_accepted,1,1,0,0,0,1,1,0,1,1,1,DOC_0365;DOC_0367;DOC_0371;DOC_0373;DOC_0412,DOC_0365;DOC_0367;DOC_0371;DOC_0373;DOC_0412,,,,DOC_0365;DOC_0367;DOC_0371;DOC_0373,DOC_0371;DOC_0373,,DOC_0365;DOC_0367,DOC_0365;DOC_0367;DOC_0412,DOC_0365;DOC_0367;DOC_0412
RES_0177,Order Ref 743-79-1586,,1,0.9,auto_accepted,0,0,0,0,0,0,0,0,0,0,0,,,,,,,,,,,
RES_0178,Nicholas Garrett,1985-05-28,1,0.9,auto_accepted,1,1,0,0,0,1,0,0,1,1,1,DOC_0366,DOC_0366,,,,DOC_0366,,,DOC_0366,DOC_0366,DOC_0366
RES_0179,Aaron Myers,2003-08-07,5,0.9,auto_accepted,1,1,0,0,0,1,1,0,1,1,1,DOC_0366;DOC_0368;DOC_0374;DOC_0376;DOC_0453,DOC_0366;DOC_0368;DOC_0374;DOC_0376;DOC_0453,,,,DOC_0366;DOC_0368;DOC_0374;DOC_0376,DOC_0374;DOC_0376,,DOC_0366;DOC_0368,DOC_0366;DOC_0368,DOC_0366;DOC_0368;DOC_0453
RES_0180,Randy Sanchez,2006-06-23,2,0.9,auto_accepted,1,1,0,0,0,1,1,0,1,1,1,DOC_0366;DOC_0376,DOC_0366;DOC_0376,,,,DOC_0366;DOC_0376,DOC_0376,,DOC_0366,DOC_0366,DOC_0366
RES_0181,Carly Preston,1990-07-18,2,0.9,auto_accepted,1,1,0,0,0,1,1,0,1,1,1,DOC_0366;DOC_0374,DOC_0366;DOC_0374,,,,DOC_0366;DOC_0374,DOC_0374,,DOC_0366,DOC_0366,DOC_0366
RES_0182,Jennifer Carter,1980-09-21,2,0.9,auto_accepted,1,1,0,0,0,1,1,0,1,1,1,DOC_0366;DOC_0375,DOC_0366;DOC_0375,,,,DOC_0366;DOC_0375,DOC_0375,,DOC_0366,DOC_0366,DOC_0366
RES_0183,Nicole H.,1958-07-23,1,0.9,auto_accepted,1,1,0,0,0,1,0,0,1,1,1,DOC_0366,DOC_0366,,,,DOC_0366,,,DOC_0366,DOC_0366,DOC_0366
RES_0184,Eugene Walker,1997-05-11,3,0.9,auto_accepted,1,1,0,0,0,1,0,0,1,1,1,DOC_0367;DOC_0369,DOC_0367;DOC_0369;DOC_0435,,,,DOC_0367;DOC_0369;DOC_0435,,,DOC_0367;DOC_0369,DOC_0367;DOC_0369;DOC_0435,DOC_0367;DOC_0369;DOC_0435
RES_0185,Jasmine House,1970-05-15,2,0.9,auto_accepted,1,1,0,0,0,1,1,0,1,1,1,DOC_0367;DOC_0373,DOC_0367;DOC_0373,,,,DOC_0367;DOC_0373,DOC_0373,,DOC_0367,DOC_0367,DOC_0367
RES_0186,Theresa Harris,1949-03-31,4,0.9,auto_accepted,1,1,0,0,0,1,1,0,1,1,1,DOC_0367;DOC_0370;DOC_0374,DOC_0367;DOC_0370;DOC_0374;DOC_0403,,,,DOC_0367;DOC_0370;DOC_0374,DOC_0374,,DOC_0367;DOC_0370,DOC_0367;DOC_0370;DOC_0403,DOC_0367;DOC_0370;DOC_0403
RES_0187,Theodore Sharp,1970-10-14,2,0.9,auto_accepted,1,1,0,0,0,1,0,0,1,1,1,DOC_0367;DOC_0443,DOC_0367;DOC_0443,,,,DOC_0367,,,DOC_0367,DOC_0367;DOC_0443,DOC_0367;DOC_0443
RES_0188,Tamara Waller,1971-05-23,3,0.9,auto_accepted,1,1,0,0,0,1,1,0,1,1,1,DOC_0367;DOC_0374,DOC_0367;DOC_0374;DOC_0421,,,,DOC_0367;DOC_0374;DOC_0421,DOC_0374,,DOC_0367,DOC_0367;DOC_0421,DOC_0367;DOC_0421
RES_0189,Patricia Stewart,2008-03-24,3,0.9,auto_accepted,1,1,0,0,0,1,1,0,1,1,1,DOC_0368;DOC_0372,DOC_0368;DOC_0372;DOC_0381,,,,DOC_0368;DOC_0372,DOC_0372,,DOC_0368;DOC_0381,DOC_0368;DOC_0381,DOC_0368;DOC_0381
RES_0190,Order Ref 881-23-9534,,1,0.9,auto_accepted,0,0,0,0,0,0,0,0,0,0,0,,,,,,,,,,,
RES_0191,Anna Lopez,2007-10-13,2,0.9,auto_accepted,1,1,0,0,0,1,1,0,1,1,1,DOC_0369;DOC_0372,DOC_0369;DOC_0372,,,,DOC_0369;DOC_0372,DOC_0372,,DOC_0369,DOC_0369,DOC_0369
RES_0192,Stacey Gilbert,2001-07-03,1,0.9,auto_accepted,1,1,0,0,0,1,0,0,1,1,1,DOC_0369,DOC_0369,,,,DOC_0369,,,DOC_0369,DOC_0369,DOC_0369
RES_0193,Anna N.,1948-01-09,1,0.9,auto_accepted,1,1,0,0,0,1,0,0,1,1,1,DOC_0369,DOC_0369,,,,DOC_0369,,,DOC_0369,DOC_0369,DOC_0369
RES_0194,Vincent E.,1967-02-28,1,0.9,auto_accepted,1,1,0,0,0,1,0,0,1,1,1,DOC_0369,DOC_0369,,,,DOC_0369,,,DOC_0369,DOC_0369,DOC_0369
RES_0195,Jesse Little,1969-07-23,4,0.9,auto_accepted,1,1,0,0,0,1,1,0,1,1,1,DOC_0369;DOC_0374,DOC_0369;DOC_0374;DOC_0469,,,,DOC_0369;DOC_0374,DOC_0374,,DOC_0369;DOC_0469;DOC_0470,DOC_0369;DOC_0469;DOC_0470,DOC_0369;DOC_0469;DOC_0470
RES_0196,Katie M.,1966-01-27,1,0.9,auto_accepted,1,1,0,0,0,1,0,0,1,1,1,DOC_0369,DOC_0369,,,,DOC_0369,,,DOC_0369,DOC_0369,DOC_0369
RES_0197,Robert M.,1992-09-02,1,0.9,auto_accepted,1,1,0,0,0,1,0,0,1,1,1,DOC_0369,DOC_0369,,,,DOC_0369,,,DOC_0369,DOC_0369,DOC_0369
RES_0198,Robin Torres,1972-05-04,3,0.9,auto_accepted,1,1,0,0,0,1,1,0,1,1,1,DOC_0370;DOC_0375;DOC_0458,DOC_0370;DOC_0375;DOC_0458,,,,DOC_0370;DOC_0375,DOC_0375,,DOC_0370,DOC_0370,DOC_0370;DOC_0458
RES_0199,Jesse Little,1971-11-06,1,0.9,auto_accepted,1,1,0,0,0,1,1,0,0,0,0,DOC_0371,DOC_0371,,,,DOC_0371,DOC_0371,,,,
RES_0200,Sarah Hill,1996-05-29,2,0.9,auto_accepted,1,1,0,0,0,1,1,0,0,0,0,DOC_0371;DOC_0374,DOC_0371;DOC_0374,,,,DOC_0371;DOC_0374,DOC_0371;DOC_0374,,,,
RES_0201,Dawn Chase,2007-10-11,2,0.9,auto_accepted,1,1,0,0,0,1,1,0,0,0,0,DOC_0371;DOC_0375,DOC_0371;DOC_0375,,,,DOC_0371;DOC_0375,DOC_0371;DOC_0375,,,,
RES_0202,Jamie Bowman,1976-03-01,1,0.9,auto_accepted,1,1,0,0,0,1,1,0,0,0,0,DOC_0371,DOC_0371,,,,DOC_0371,DOC_0371,,,,
RES_0203,David Dawson,1949-05-24,1,0.9,auto_accepted,1,1,0,0,0,1,1,0,0,0,0,DOC_0372,DOC_0372,,,,DOC_0372,DOC_0372,,,,
RES_0204,Melissa Chan,1955-03-04,2,0.9,auto_accepted,1,1,0,0,0,1,1,0,0,0,0,DOC_0373;DOC_0376,DOC_0373;DOC_0376,,,,DOC_0373;DOC_0376,DOC_0373;DOC_0376,,,,
RES_0205,Lynn Hurley,1958-05-18,1,0.9,auto_accepted,1,1,0,0,0,1,1,0,0,0,0,DOC_0373,DOC_0373,,,,DOC_0373,DOC_0373,,,,
RES_0206,Paul Ferrell,1958-02-26,1,0.9,auto_accepted,1,1,0,0,0,1,1,0,0,0,0,DOC_0374,DOC_0374,,,,DOC_0374,DOC_0374,,,,
RES_0207,Cameron Garcia,1955-12-30,1,0.9,auto_accepted,1,1,0,0,0,1,1,0,0,0,0,DOC_0374,DOC_0374,,,,DOC_0374,DOC_0374,,,,
RES_0208,Danielle Johnson,1959-04-19,1,0.9,auto_accepted,1,1,0,0,0,1,1,0,0,0,0,DOC_0374,DOC_0374,,,,DOC_0374,DOC_0374,,,,
RES_0209,Stacey Thomas,2001-07-03,2,0.9,auto_accepted,1,1,0,0,0,1,1,0,0,1,1,DOC_0376,DOC_0376;DOC_0441,,,,DOC_0376;DOC_0441,DOC_0376,,,DOC_0441,DOC_0441
RES_0210,Patrick G.,1958-10-02,1,0.9,auto_accepted,1,1,0,0,0,0,0,0,0,0,1,DOC_0378,DOC_0378,,,,,,,,,DOC_0378
RES_0211,Tyler J.,1949-05-19,1,0.9,auto_accepted,1,1,0,0,0,0,0,0,0,0,1,DOC_0380,DOC_0380,,,,,,,,,DOC_0380
RES_0212,T. Phillips,1952-08-29,1,0.9,auto_accepted,1,1,0,0,0,0,0,0,0,0,1,DOC_0382,DOC_0382,,,,,,,,,DOC_0382
RES_0213,Sandra L.,1950-12-27,1,0.9,auto_accepted,1,1,0,0,0,0,0,0,0,0,1,DOC_0404,DOC_0404,,,,,,,,,DOC_0404
RES_0214,Joe A.,1992-07-24,1,0.9,auto_accepted,1,1,0,0,0,0,0,0,0,0,1,DOC_0416,DOC_0416,,,,,,,,,DOC_0416
RES_0215,Susan K.,1950-04-12,1,0.9,auto_accepted,1,1,0,0,0,0,0,0,0,0,1,DOC_0425,DOC_0425,,,,,,,,,DOC_0425
RES_0216,Stacy J.,2005-08-16,1,0.9,auto_accepted,1,1,0,0,0,0,0,0,0,0,1,DOC_0426,DOC_0426,,,,,,,,,DOC_0426
RES_0217,Kristen D.,,1,0.9,auto_accepted,0,0,0,0,0,0,0,0,0,1,1,,,,,,,,,,DOC_0449,DOC_0449
RES_0218,Karen S.,1941-11-12,1,0.9,auto_accepted,0,0,0,0,0,0,0,0,0,0,0,,,,,,,,,,,
RES_0219,Paul F.,1988-03-28,1,0.9,auto_accepted,0,0,0,0,0,0,0,0,0,0,0,,,,,,,,,,,
RES_0220,"Desiree Hernandez
We",,1,0.9,auto_accepted,1,0,1,0,0,0,0,0,1,0,0,DOC_0475,,DOC_0475,,,,,,DOC_0475,,
